slug_en,title_en,meta_desc_en,slug_ar,title_ar,meta_desc_ar
post-01,MOJAF Blog #01 — Fasteners & Materials Insight,Short placeholder description. Replace with an SEO summary relevant to fasteners; skirting; SPC flooring; and KSA markets.,مقال-01,مدونة موجاف #01 — رؤى عن المثبتات والمواد,وصف مؤقت مختصر. استبدله بملخص محسّن لمحركات البحث يتعلق بالمثبتات والسكرتنج وأرضيات SPC وأسواق المملكة.
post-02,MOJAF Blog #02 — Fasteners & Materials Insight,Short placeholder description. Replace with an SEO summary relevant to fasteners; skirting; SPC flooring; and KSA markets.,مقال-02,مدونة موجاف #02 — رؤى عن المثبتات والمواد,وصف مؤقت مختصر. استبدله بملخص محسّن لمحركات البحث يتعلق بالمثبتات والسكرتنج وأرضيات SPC وأسواق المملكة.
post-03,MOJAF Blog #03 — Fasteners & Materials Insight,Short placeholder description. Replace with an SEO summary relevant to fasteners; skirting; SPC flooring; and KSA markets.,مقال-03,مدونة موجاف #03 — رؤى عن المثبتات والمواد,وصف مؤقت مختصر. استبدله بملخص محسّن لمحركات البحث يتعلق بالمثبتات والسكرتنج وأرضيات SPC وأسواق المملكة.
post-04,MOJAF Blog #04 — Fasteners & Materials Insight,Short placeholder description. Replace with an SEO summary relevant to fasteners; skirting; SPC flooring; and KSA markets.,مقال-04,مدونة موجاف #04 — رؤى عن المثبتات والمواد,وصف مؤقت مختصر. استبدله بملخص محسّن لمحركات البحث يتعلق بالمثبتات والسكرتنج وأرضيات SPC وأسواق المملكة.
post-05,MOJAF Blog #05 — Fasteners & Materials Insight,Short placeholder description. Replace with an SEO summary relevant to fasteners; skirting; SPC flooring; and KSA markets.,مقال-05,مدونة موجاف #05 — رؤى عن المثبتات والمواد,وصف مؤقت مختصر. استبدله بملخص محسّن لمحركات البحث يتعلق بالمثبتات والسكرتنج وأرضيات SPC وأسواق المملكة.
post-06,MOJAF Blog #06 — Fasteners & Materials Insight,Short placeholder description. Replace with an SEO summary relevant to fasteners; skirting; SPC flooring; and KSA markets.,مقال-06,مدونة موجاف #06 — رؤى عن المثبتات والمواد,وصف مؤقت مختصر. استبدله بملخص محسّن لمحركات البحث يتعلق بالمثبتات والسكرتنج وأرضيات SPC وأسواق المملكة.
post-07,MOJAF Blog #07 — Fasteners & Materials Insight,Short placeholder description. Replace with an SEO summary relevant to fasteners; skirting; SPC flooring; and KSA markets.,مقال-07,مدونة موجاف #07 — رؤى عن المثبتات والمواد,وصف مؤقت مختصر. استبدله بملخص محسّن لمحركات البحث يتعلق بالمثبتات والسكرتنج وأرضيات SPC وأسواق المملكة.
post-08,MOJAF Blog #08 — Fasteners & Materials Insight,Short placeholder description. Replace with an SEO summary relevant to fasteners; skirting; SPC flooring; and KSA markets.,مقال-08,مدونة موجاف #08 — رؤى عن المثبتات والمواد,وصف مؤقت مختصر. استبدله بملخص محسّن لمحركات البحث يتعلق بالمثبتات والسكرتنج وأرضيات SPC وأسواق المملكة.
post-09,MOJAF Blog #09 — Fasteners & Materials Insight,Short placeholder description. Replace with an SEO summary relevant to fasteners; skirting; SPC flooring; and KSA markets.,مقال-09,مدونة موجاف #09 — رؤى عن المثبتات والمواد,وصف مؤقت مختصر. استبدله بملخص محسّن لمحركات البحث يتعلق بالمثبتات والسكرتنج وأرضيات SPC وأسواق المملكة.
post-10,MOJAF Blog #10 — Fasteners & Materials Insight,Short placeholder description. Replace with an SEO summary relevant to fasteners; skirting; SPC flooring; and KSA markets.,مقال-10,مدونة موجاف #10 — رؤى عن المثبتات والمواد,وصف مؤقت مختصر. استبدله بملخص محسّن لمحركات البحث يتعلق بالمثبتات والسكرتنج وأرضيات SPC وأسواق المملكة.
post-11,MOJAF Blog #11 — Fasteners & Materials Insight,Short placeholder description. Replace with an SEO summary relevant to fasteners; skirting; SPC flooring; and KSA markets.,مقال-11,مدونة موجاف #11 — رؤى عن المثبتات والمواد,وصف مؤقت مختصر. استبدله بملخص محسّن لمحركات البحث يتعلق بالمثبتات والسكرتنج وأرضيات SPC وأسواق المملكة.
post-12,MOJAF Blog #12 — Fasteners & Materials Insight,Short placeholder description. Replace with an SEO summary relevant to fasteners; skirting; SPC flooring; and KSA markets.,مقال-12,مدونة موجاف #12 — رؤى عن المثبتات والمواد,وصف مؤقت مختصر. استبدله بملخص محسّن لمحركات البحث يتعلق بالمثبتات والسكرتنج وأرضيات SPC وأسواق المملكة.
post-13,MOJAF Blog #13 — Fasteners & Materials Insight,Short placeholder description. Replace with an SEO summary relevant to fasteners; skirting; SPC flooring; and KSA markets.,مقال-13,مدونة موجاف #13 — رؤى عن المثبتات والمواد,وصف مؤقت مختصر. استبدله بملخص محسّن لمحركات البحث يتعلق بالمثبتات والسكرتنج وأرضيات SPC وأسواق المملكة.
post-14,MOJAF Blog #14 — Fasteners & Materials Insight,Short placeholder description. Replace with an SEO summary relevant to fasteners; skirting; SPC flooring; and KSA markets.,مقال-14,مدونة موجاف #14 — رؤى عن المثبتات والمواد,وصف مؤقت مختصر. استبدله بملخص محسّن لمحركات البحث يتعلق بالمثبتات والسكرتنج وأرضيات SPC وأسواق المملكة.
post-15,MOJAF Blog #15 — Fasteners & Materials Insight,Short placeholder description. Replace with an SEO summary relevant to fasteners; skirting; SPC flooring; and KSA markets.,مقال-15,مدونة موجاف #15 — رؤى عن المثبتات والمواد,وصف مؤقت مختصر. استبدله بملخص محسّن لمحركات البحث يتعلق بالمثبتات والسكرتنج وأرضيات SPC وأسواق المملكة.
post-16,MOJAF Blog #16 — Fasteners & Materials Insight,Short placeholder description. Replace with an SEO summary relevant to fasteners; skirting; SPC flooring; and KSA markets.,مقال-16,مدونة موجاف #16 — رؤى عن المثبتات والمواد,وصف مؤقت مختصر. استبدله بملخص محسّن لمحركات البحث يتعلق بالمثبتات والسكرتنج وأرضيات SPC وأسواق المملكة.
post-17,MOJAF Blog #17 — Fasteners & Materials Insight,Short placeholder description. Replace with an SEO summary relevant to fasteners; skirting; SPC flooring; and KSA markets.,مقال-17,مدونة موجاف #17 — رؤى عن المثبتات والمواد,وصف مؤقت مختصر. استبدله بملخص محسّن لمحركات البحث يتعلق بالمثبتات والسكرتنج وأرضيات SPC وأسواق المملكة.
post-18,MOJAF Blog #18 — Fasteners & Materials Insight,Short placeholder description. Replace with an SEO summary relevant to fasteners; skirting; SPC flooring; and KSA markets.,مقال-18,مدونة موجاف #18 — رؤى عن المثبتات والمواد,وصف مؤقت مختصر. استبدله بملخص محسّن لمحركات البحث يتعلق بالمثبتات والسكرتنج وأرضيات SPC وأسواق المملكة.
post-19,MOJAF Blog #19 — Fasteners & Materials Insight,Short placeholder description. Replace with an SEO summary relevant to fasteners; skirting; SPC flooring; and KSA markets.,مقال-19,مدونة موجاف #19 — رؤى عن المثبتات والمواد,وصف مؤقت مختصر. استبدله بملخص محسّن لمحركات البحث يتعلق بالمثبتات والسكرتنج وأرضيات SPC وأسواق المملكة.
post-20,MOJAF Blog #20 — Fasteners & Materials Insight,Short placeholder description. Replace with an SEO summary relevant to fasteners; skirting; SPC flooring; and KSA markets.,مقال-20,مدونة موجاف #20 — رؤى عن المثبتات والمواد,وصف مؤقت مختصر. استبدله بملخص محسّن لمحركات البحث يتعلق بالمثبتات والسكرتنج وأرضيات SPC وأسواق المملكة.
post-21,MOJAF Blog #21 — Fasteners & Materials Insight,Short placeholder description. Replace with an SEO summary relevant to fasteners; skirting; SPC flooring; and KSA markets.,مقال-21,مدونة موجاف #21 — رؤى عن المثبتات والمواد,وصف مؤقت مختصر. استبدله بملخص محسّن لمحركات البحث يتعلق بالمثبتات والسكرتنج وأرضيات SPC وأسواق المملكة.
post-22,MOJAF Blog #22 — Fasteners & Materials Insight,Short placeholder description. Replace with an SEO summary relevant to fasteners; skirting; SPC flooring; and KSA markets.,مقال-22,مدونة موجاف #22 — رؤى عن المثبتات والمواد,وصف مؤقت مختصر. استبدله بملخص محسّن لمحركات البحث يتعلق بالمثبتات والسكرتنج وأرضيات SPC وأسواق المملكة.
post-23,MOJAF Blog #23 — Fasteners & Materials Insight,Short placeholder description. Replace with an SEO summary relevant to fasteners; skirting; SPC flooring; and KSA markets.,مقال-23,مدونة موجاف #23 — رؤى عن المثبتات والمواد,وصف مؤقت مختصر. استبدله بملخص محسّن لمحركات البحث يتعلق بالمثبتات والسكرتنج وأرضيات SPC وأسواق المملكة.
post-24,MOJAF Blog #24 — Fasteners & Materials Insight,Short placeholder description. Replace with an SEO summary relevant to fasteners; skirting; SPC flooring; and KSA markets.,مقال-24,مدونة موجاف #24 — رؤى عن المثبتات والمواد,وصف مؤقت مختصر. استبدله بملخص محسّن لمحركات البحث يتعلق بالمثبتات والسكرتنج وأرضيات SPC وأسواق المملكة.
post-25,MOJAF Blog #25 — Fasteners & Materials Insight,Short placeholder description. Replace with an SEO summary relevant to fasteners; skirting; SPC flooring; and KSA markets.,مقال-25,مدونة موجاف #25 — رؤى عن المثبتات والمواد,وصف مؤقت مختصر. استبدله بملخص محسّن لمحركات البحث يتعلق بالمثبتات والسكرتنج وأرضيات SPC وأسواق المملكة.
post-26,MOJAF Blog #26 — Fasteners & Materials Insight,Short placeholder description. Replace with an SEO summary relevant to fasteners; skirting; SPC flooring; and KSA markets.,مقال-26,مدونة موجاف #26 — رؤى عن المثبتات والمواد,وصف مؤقت مختصر. استبدله بملخص محسّن لمحركات البحث يتعلق بالمثبتات والسكرتنج وأرضيات SPC وأسواق المملكة.
post-27,MOJAF Blog #27 — Fasteners & Materials Insight,Short placeholder description. Replace with an SEO summary relevant to fasteners; skirting; SPC flooring; and KSA markets.,مقال-27,مدونة موجاف #27 — رؤى عن المثبتات والمواد,وصف مؤقت مختصر. استبدله بملخص محسّن لمحركات البحث يتعلق بالمثبتات والسكرتنج وأرضيات SPC وأسواق المملكة.
post-28,MOJAF Blog #28 — Fasteners & Materials Insight,Short placeholder description. Replace with an SEO summary relevant to fasteners; skirting; SPC flooring; and KSA markets.,مقال-28,مدونة موجاف #28 — رؤى عن المثبتات والمواد,وصف مؤقت مختصر. استبدله بملخص محسّن لمحركات البحث يتعلق بالمثبتات والسكرتنج وأرضيات SPC وأسواق المملكة.
post-29,MOJAF Blog #29 — Fasteners & Materials Insight,Short placeholder description. Replace with an SEO summary relevant to fasteners; skirting; SPC flooring; and KSA markets.,مقال-29,مدونة موجاف #29 — رؤى عن المثبتات والمواد,وصف مؤقت مختصر. استبدله بملخص محسّن لمحركات البحث يتعلق بالمثبتات والسكرتنج وأرضيات SPC وأسواق المملكة.
post-30,MOJAF Blog #30 — Fasteners & Materials Insight,Short placeholder description. Replace with an SEO summary relevant to fasteners; skirting; SPC flooring; and KSA markets.,مقال-30,مدونة موجاف #30 — رؤى عن المثبتات والمواد,وصف مؤقت مختصر. استبدله بملخص محسّن لمحركات البحث يتعلق بالمثبتات والسكرتنج وأرضيات SPC وأسواق المملكة.
post-31,MOJAF Blog #31 — Fasteners & Materials Insight,Short placeholder description. Replace with an SEO summary relevant to fasteners; skirting; SPC flooring; and KSA markets.,مقال-31,مدونة موجاف #31 — رؤى عن المثبتات والمواد,وصف مؤقت مختصر. استبدله بملخص محسّن لمحركات البحث يتعلق بالمثبتات والسكرتنج وأرضيات SPC وأسواق المملكة.
post-32,MOJAF Blog #32 — Fasteners & Materials Insight,Short placeholder description. Replace with an SEO summary relevant to fasteners; skirting; SPC flooring; and KSA markets.,مقال-32,مدونة موجاف #32 — رؤى عن المثبتات والمواد,وصف مؤقت مختصر. استبدله بملخص محسّن لمحركات البحث يتعلق بالمثبتات والسكرتنج وأرضيات SPC وأسواق المملكة.
post-33,MOJAF Blog #33 — Fasteners & Materials Insight,Short placeholder description. Replace with an SEO summary relevant to fasteners; skirting; SPC flooring; and KSA markets.,مقال-33,مدونة موجاف #33 — رؤى عن المثبتات والمواد,وصف مؤقت مختصر. استبدله بملخص محسّن لمحركات البحث يتعلق بالمثبتات والسكرتنج وأرضيات SPC وأسواق المملكة.
post-34,MOJAF Blog #34 — Fasteners & Materials Insight,Short placeholder description. Replace with an SEO summary relevant to fasteners; skirting; SPC flooring; and KSA markets.,مقال-34,مدونة موجاف #34 — رؤى عن المثبتات والمواد,وصف مؤقت مختصر. استبدله بملخص محسّن لمحركات البحث يتعلق بالمثبتات والسكرتنج وأرضيات SPC وأسواق المملكة.
post-35,MOJAF Blog #35 — Fasteners & Materials Insight,Short placeholder description. Replace with an SEO summary relevant to fasteners; skirting; SPC flooring; and KSA markets.,مقال-35,مدونة موجاف #35 — رؤى عن المثبتات والمواد,وصف مؤقت مختصر. استبدله بملخص محسّن لمحركات البحث يتعلق بالمثبتات والسكرتنج وأرضيات SPC وأسواق المملكة.
post-36,MOJAF Blog #36 — Fasteners & Materials Insight,Short placeholder description. Replace with an SEO summary relevant to fasteners; skirting; SPC flooring; and KSA markets.,مقال-36,مدونة موجاف #36 — رؤى عن المثبتات والمواد,وصف مؤقت مختصر. استبدله بملخص محسّن لمحركات البحث يتعلق بالمثبتات والسكرتنج وأرضيات SPC وأسواق المملكة.
post-37,MOJAF Blog #37 — Fasteners & Materials Insight,Short placeholder description. Replace with an SEO summary relevant to fasteners; skirting; SPC flooring; and KSA markets.,مقال-37,مدونة موجاف #37 — رؤى عن المثبتات والمواد,وصف مؤقت مختصر. استبدله بملخص محسّن لمحركات البحث يتعلق بالمثبتات والسكرتنج وأرضيات SPC وأسواق المملكة.
post-38,MOJAF Blog #38 — Fasteners & Materials Insight,Short placeholder description. Replace with an SEO summary relevant to fasteners; skirting; SPC flooring; and KSA markets.,مقال-38,مدونة موجاف #38 — رؤى عن المثبتات والمواد,وصف مؤقت مختصر. استبدله بملخص محسّن لمحركات البحث يتعلق بالمثبتات والسكرتنج وأرضيات SPC وأسواق المملكة.
post-39,MOJAF Blog #39 — Fasteners & Materials Insight,Short placeholder description. Replace with an SEO summary relevant to fasteners; skirting; SPC flooring; and KSA markets.,مقال-39,مدونة موجاف #39 — رؤى عن المثبتات والمواد,وصف مؤقت مختصر. استبدله بملخص محسّن لمحركات البحث يتعلق بالمثبتات والسكرتنج وأرضيات SPC وأسواق المملكة.
post-40,MOJAF Blog #40 — Fasteners & Materials Insight,Short placeholder description. Replace with an SEO summary relevant to fasteners; skirting; SPC flooring; and KSA markets.,مقال-40,مدونة موجاف #40 — رؤى عن المثبتات والمواد,وصف مؤقت مختصر. استبدله بملخص محسّن لمحركات البحث يتعلق بالمثبتات والسكرتنج وأرضيات SPC وأسواق المملكة.